[
  {"text": "It is certain.", "bool":"yes"},
  {"text": "It is decidedly so.", "bool":"yes"},
  {"text": "Without a doubt.", "bool":"yes"},
  {"text": "Yes definitely.", "bool":"yes"},
  {"text": "You may rely on it.", "bool":"yes"},
  {"text": "As I see it, yes.", "bool":"yes"},
  {"text": "Most likely.", "bool":"yes"},
  {"text": "Outlook good.", "bool":"yes"},
  {"text": "Yes.", "bool":"yes"},
  {"text": "Signs point to yes.", "bool":"yes"},
  {"text": "Reply hazy, try again.", "bool":"maybe"},
  {"text": "Ask again later.", "bool":"maybe"},
  {"text": "Better not tell you now.", "bool":"maybe"},
  {"text": "Cannot predict now.", "bool":"maybe"},
  {"text": "Concentrate and ask again.", "bool":"maybe"},
  {"text": "Don't count on it.", "bool":"no"},
  {"text": "My reply is no.", "bool":"no"},
  {"text": "My sources say no.", "bool":"no"},
  {"text": "Outlook not so good.", "bool":"no"},
  {"text": "Very doubtful.", "bool":"no"}]
